mysql> use balaji
Database changed
mysql> select*from mentees;
+-------+---------+-------+------------+-------+---------+
| regno | name    | dept  | fathername | marks | subject |
+-------+---------+-------+------------+-------+---------+
|  4259 | karthik | cse   | hari       |    98 | bioevs  |
|  4259 | hithesh | cse   | sumanth    |    98 | bioevs  |
|  4239 | nani    | ai&ds | raja       |    99 | dbms    |
+-------+---------+-------+------------+-------+---------+
3 rows in set (0.00 sec)

mysql> select repeat(name,2) from mentees;
+----------------+
| repeat(name,2) |
+----------------+
| karthikkarthik |
| hitheshhithesh |
| naninani       |
+----------------+
3 rows in set (0.00 sec)

mysql> select repeat(dept,2) from mentees;
+----------------+
| repeat(dept,2) |
+----------------+
| csecse         |
| csecse         |
| ai&dsai&ds     |
+----------------+
3 rows in set (0.00 sec)
